Time,Lynx,Hare
0,4,30
1.1504049462704407,3,11
2.1856562405180533,5,7
3.201032588864384,10,6
4.2268820843598505,18,3
